f1,f2,y0,y1,y2,y3,y4,y5,y6,y7,y8,y9,y10,y11,y12,y13,y14,y15,y16,y17,y18,y19,y20,y21,y22,y23,y24,y25,y26,y27,y28,y29,y30,y31,y32,y33,y34,y35,y36,y37,y38,y39,y40,y41,y42,y43,y44,y45,y46,y47,y48,y49
22500.000000,1133075.075000,0.000000,0.000000,0.000000,1.000000,0.000000,0.000000,0.000000,0.000000,0.000000,0.000000,1.000000,0.000000,0.000000,0.000000,0.000000,0.000000,0.000000,0.000000,0.000000,0.000000,0.000000,0.000000,1.000000,0.000000,0.000000,0.000000,0.000000,1.000000,0.000000,0.000000,0.000000,0.000000,0.000000,0.000000,0.000000,0.000000,0.000000,0.000000,0.000000,0.000000,0.000000,0.000000,0.000000,0.000000,0.000000,0.000000,0.000000,0.000000,0.000000,0.000000
30000.000000,883048.000000,0.000000,0.000000,0.000000,1.000000,0.000000,0.000000,0.000000,0.000000,0.000000,0.000000,1.000000,0.000000,0.000000,0.000000,0.000000,0.000000,0.000000,0.000000,0.000000,0.000000,0.000000,0.000000,1.000000,0.000000,0.000000,0.000000,1.000000,0.000000,0.000000,0.000000,0.000000,0.000000,0.000000,1.000000,0.000000,0.000000,0.000000,0.000000,0.000000,0.000000,0.000000,0.000000,0.000000,0.000000,0.000000,0.000000,0.000000,0.000000,0.000000,0.000000
37500.000000,843150.187500,0.000000,0.000000,0.000000,1.000000,0.000000,1.000000,0.000000,0.000000,0.000000,0.000000,1.000000,0.000000,0.000000,0.000000,0.000000,0.000000,0.000000,0.000000,0.000000,0.000000,0.000000,0.000000,1.000000,0.000000,0.000000,0.000000,1.000000,0.000000,0.000000,0.000000,0.000000,0.000000,0.000000,1.000000,0.000000,0.000000,0.000000,0.000000,0.000000,0.000000,0.000000,0.000000,0.000000,0.000000,0.000000,0.000000,0.000000,0.000000,0.000000,0.000000
45000.000000,804350.937500,0.000000,0.000000,0.000000,1.000000,0.000000,1.000000,0.000000,0.000000,0.000000,0.000000,1.000000,0.000000,0.000000,0.000000,0.000000,0.000000,0.000000,0.000000,0.000000,0.000000,0.000000,0.000000,1.000000,0.000000,0.000000,0.000000,1.000000,0.000000,0.000000,0.000000,0.000000,0.000000,0.000000,1.000000,0.000000,0.000000,0.000000,0.000000,0.000000,0.000000,0.000000,0.000000,0.000000,0.000000,0.000000,1.000000,0.000000,0.000000,0.000000,0.000000
52500.000000,782417.150000,0.000000,0.000000,0.000000,1.000000,0.000000,1.000000,0.000000,0.000000,0.000000,0.000000,1.000000,0.000000,0.000000,0.000000,0.000000,0.000000,0.000000,0.000000,0.000000,0.000000,0.000000,0.000000,1.000000,0.000000,0.000000,0.000000,1.000000,0.000000,0.000000,0.000000,0.000000,0.000000,0.000000,1.000000,0.000000,0.000000,0.000000,0.000000,0.000000,0.000000,0.000000,0.000000,0.000000,0.000000,1.000000,1.000000,0.000000,0.000000,0.000000,0.000000
60000.000000,761972.575000,0.000000,0.000000,0.000000,1.000000,0.000000,1.000000,0.000000,0.000000,0.000000,0.000000,1.000000,0.000000,0.000000,0.000000,1.000000,0.000000,0.000000,0.000000,0.000000,0.000000,0.000000,0.000000,1.000000,0.000000,0.000000,0.000000,1.000000,0.000000,0.000000,0.000000,0.000000,0.000000,0.000000,1.000000,0.000000,0.000000,0.000000,0.000000,0.000000,0.000000,0.000000,0.000000,0.000000,0.000000,1.000000,1.000000,0.000000,0.000000,0.000000,0.000000
67500.000000,745352.950000,0.000000,0.000000,0.000000,1.000000,0.000000,1.000000,1.000000,0.000000,0.000000,0.000000,1.000000,0.000000,0.000000,0.000000,1.000000,0.000000,0.000000,0.000000,0.000000,0.000000,0.000000,0.000000,1.000000,0.000000,0.000000,0.000000,1.000000,0.000000,0.000000,0.000000,0.000000,0.000000,0.000000,1.000000,0.000000,0.000000,0.000000,0.000000,0.000000,0.000000,0.000000,0.000000,0.000000,0.000000,1.000000,1.000000,0.000000,0.000000,0.000000,0.000000
75000.000000,731095.187500,0.000000,0.000000,0.000000,1.000000,0.000000,1.000000,1.000000,0.000000,0.000000,0.000000,1.000000,0.000000,1.000000,0.000000,0.000000,0.000000,0.000000,0.000000,0.000000,0.000000,0.000000,0.000000,1.000000,0.000000,1.000000,0.000000,1.000000,0.000000,0.000000,0.000000,0.000000,0.000000,0.000000,1.000000,0.000000,0.000000,0.000000,0.000000,0.000000,0.000000,0.000000,0.000000,0.000000,0.000000,1.000000,1.000000,0.000000,0.000000,0.000000,0.000000
82500.000000,717575.250000,0.000000,0.000000,0.000000,1.000000,0.000000,1.000000,1.000000,0.000000,0.000000,0.000000,1.000000,0.000000,1.000000,0.000000,1.000000,0.000000,0.000000,0.000000,0.000000,0.000000,0.000000,0.000000,1.000000,0.000000,1.000000,0.000000,1.000000,0.000000,0.000000,0.000000,0.000000,0.000000,0.000000,1.000000,0.000000,0.000000,0.000000,0.000000,0.000000,0.000000,0.000000,0.000000,0.000000,0.000000,1.000000,1.000000,0.000000,0.000000,0.000000,0.000000
90000.000000,707561.250000,0.000000,0.000000,0.000000,1.000000,0.000000,1.000000,1.000000,0.000000,0.000000,0.000000,1.000000,0.000000,1.000000,0.000000,1.000000,1.000000,0.000000,1.000000,0.000000,0.000000,0.000000,0.000000,1.000000,0.000000,0.000000,0.000000,1.000000,0.000000,0.000000,0.000000,0.000000,0.000000,0.000000,1.000000,0.000000,0.000000,0.000000,0.000000,0.000000,0.000000,0.000000,0.000000,0.000000,0.000000,1.000000,1.000000,0.000000,0.000000,0.000000,0.000000
97500.000000,698800.700000,0.000000,0.000000,0.000000,1.000000,0.000000,1.000000,1.000000,0.000000,0.000000,0.000000,1.000000,0.000000,1.000000,0.000000,1.000000,1.000000,0.000000,1.000000,0.000000,0.000000,0.000000,0.000000,1.000000,0.000000,1.000000,0.000000,1.000000,0.000000,0.000000,0.000000,0.000000,0.000000,0.000000,1.000000,0.000000,0.000000,0.000000,0.000000,0.000000,0.000000,0.000000,0.000000,0.000000,0.000000,1.000000,1.000000,0.000000,0.000000,0.000000,0.000000
105000.000000,692779.987500,0.000000,0.000000,0.000000,1.000000,0.000000,1.000000,1.000000,0.000000,0.000000,0.000000,1.000000,0.000000,1.000000,0.000000,1.000000,1.000000,0.000000,1.000000,0.000000,0.000000,0.000000,0.000000,1.000000,0.000000,0.000000,0.000000,1.000000,0.000000,0.000000,1.000000,0.000000,0.000000,0.000000,1.000000,0.000000,0.000000,0.000000,0.000000,0.000000,0.000000,1.000000,0.000000,0.000000,0.000000,1.000000,1.000000,0.000000,0.000000,0.000000,0.000000
112500.000000,683791.937500,0.000000,0.000000,0.000000,1.000000,0.000000,1.000000,1.000000,0.000000,0.000000,0.000000,1.000000,0.000000,1.000000,0.000000,1.000000,1.000000,0.000000,1.000000,0.000000,0.000000,0.000000,0.000000,1.000000,0.000000,0.000000,0.000000,1.000000,0.000000,0.000000,0.000000,0.000000,0.000000,0.000000,1.000000,0.000000,0.000000,1.000000,0.000000,0.000000,0.000000,1.000000,1.000000,0.000000,0.000000,1.000000,1.000000,0.000000,0.000000,0.000000,0.000000
120000.000000,678780.062500,0.000000,0.000000,0.000000,1.000000,0.000000,1.000000,1.000000,0.000000,0.000000,0.000000,1.000000,0.000000,1.000000,0.000000,1.000000,1.000000,0.000000,1.000000,0.000000,0.000000,0.000000,0.000000,1.000000,0.000000,0.000000,0.000000,1.000000,0.000000,0.000000,1.000000,0.000000,0.000000,0.000000,1.000000,0.000000,0.000000,1.000000,0.000000,0.000000,0.000000,1.000000,1.000000,0.000000,0.000000,1.000000,1.000000,0.000000,0.000000,0.000000,0.000000
127500.000000,673966.787500,0.000000,0.000000,0.000000,1.000000,0.000000,1.000000,1.000000,0.000000,0.000000,0.000000,1.000000,0.000000,1.000000,0.000000,1.000000,1.000000,0.000000,1.000000,0.000000,0.000000,0.000000,0.000000,1.000000,0.000000,0.000000,0.000000,1.000000,0.000000,0.000000,1.000000,0.000000,0.000000,0.000000,1.000000,0.000000,0.000000,1.000000,1.000000,0.000000,0.000000,1.000000,1.000000,0.000000,0.000000,1.000000,1.000000,0.000000,0.000000,0.000000,0.000000
135000.000000,669137.325000,0.000000,0.000000,0.000000,1.000000,0.000000,1.000000,1.000000,0.000000,0.000000,0.000000,1.000000,0.000000,1.000000,0.000000,1.000000,1.000000,0.000000,1.000000,0.000000,0.000000,0.000000,0.000000,1.000000,0.000000,1.000000,0.000000,1.000000,0.000000,0.000000,1.000000,0.000000,0.000000,0.000000,1.000000,0.000000,0.000000,1.000000,1.000000,0.000000,0.000000,1.000000,1.000000,0.000000,0.000000,1.000000,1.000000,0.000000,0.000000,0.000000,0.000000
142500.000000,666646.237500,0.000000,0.000000,0.000000,1.000000,0.000000,1.000000,1.000000,1.000000,0.000000,0.000000,1.000000,0.000000,1.000000,0.000000,1.000000,1.000000,0.000000,1.000000,0.000000,0.000000,0.000000,0.000000,1.000000,0.000000,1.000000,0.000000,1.000000,0.000000,0.000000,1.000000,0.000000,0.000000,0.000000,1.000000,0.000000,0.000000,1.000000,1.000000,0.000000,0.000000,1.000000,1.000000,0.000000,0.000000,1.000000,1.000000,0.000000,0.000000,0.000000,0.000000
150000.000000,663606.550000,0.000000,0.000000,0.000000,1.000000,0.000000,1.000000,1.000000,1.000000,0.000000,0.000000,1.000000,0.000000,1.000000,0.000000,1.000000,1.000000,0.000000,1.000000,0.000000,0.000000,0.000000,0.000000,1.000000,0.000000,1.000000,0.000000,1.000000,0.000000,0.000000,1.000000,0.000000,0.000000,1.000000,1.000000,0.000000,0.000000,1.000000,1.000000,0.000000,0.000000,1.000000,1.000000,0.000000,0.000000,1.000000,1.000000,0.000000,0.000000,0.000000,0.000000
157500.000000,660994.862500,0.000000,0.000000,0.000000,1.000000,0.000000,1.000000,1.000000,1.000000,0.000000,0.000000,1.000000,0.000000,1.000000,0.000000,1.000000,1.000000,0.000000,1.000000,0.000000,0.000000,0.000000,0.000000,1.000000,0.000000,1.000000,0.000000,1.000000,0.000000,0.000000,1.000000,0.000000,0.000000,1.000000,1.000000,0.000000,0.000000,1.000000,1.000000,0.000000,0.000000,1.000000,1.000000,0.000000,0.000000,1.000000,1.000000,1.000000,0.000000,0.000000,0.000000
165000.000000,658834.850000,0.000000,1.000000,0.000000,1.000000,0.000000,1.000000,1.000000,0.000000,0.000000,0.000000,1.000000,0.000000,1.000000,0.000000,1.000000,1.000000,0.000000,1.000000,0.000000,0.000000,0.000000,0.000000,1.000000,0.000000,1.000000,0.000000,1.000000,0.000000,0.000000,1.000000,0.000000,0.000000,1.000000,1.000000,0.000000,0.000000,1.000000,1.000000,0.000000,0.000000,1.000000,1.000000,0.000000,0.000000,1.000000,1.000000,1.000000,0.000000,1.000000,0.000000
172500.000000,654773.112500,0.000000,1.000000,1.000000,1.000000,0.000000,1.000000,1.000000,0.000000,0.000000,0.000000,1.000000,0.000000,1.000000,0.000000,1.000000,1.000000,0.000000,1.000000,0.000000,0.000000,0.000000,1.000000,1.000000,0.000000,1.000000,0.000000,1.000000,0.000000,0.000000,1.000000,0.000000,0.000000,1.000000,1.000000,0.000000,0.000000,1.000000,1.000000,0.000000,0.000000,1.000000,1.000000,0.000000,0.000000,1.000000,1.000000,0.000000,0.000000,1.000000,0.000000
180000.000000,651886.625000,0.000000,0.000000,0.000000,0.000000,0.000000,1.000000,1.000000,1.000000,0.000000,0.000000,1.000000,0.000000,1.000000,1.000000,1.000000,1.000000,0.000000,1.000000,0.000000,0.000000,0.000000,1.000000,1.000000,0.000000,1.000000,0.000000,1.000000,0.000000,1.000000,1.000000,0.000000,0.000000,1.000000,1.000000,1.000000,0.000000,1.000000,1.000000,0.000000,0.000000,1.000000,1.000000,0.000000,0.000000,1.000000,1.000000,0.000000,0.000000,1.000000,0.000000
187500.000000,650158.675000,1.000000,0.000000,1.000000,1.000000,0.000000,1.000000,1.000000,1.000000,0.000000,0.000000,1.000000,0.000000,1.000000,0.000000,1.000000,1.000000,0.000000,1.000000,0.000000,0.000000,0.000000,1.000000,1.000000,0.000000,1.000000,0.000000,1.000000,0.000000,0.000000,1.000000,0.000000,0.000000,1.000000,1.000000,1.000000,0.000000,1.000000,1.000000,0.000000,0.000000,1.000000,1.000000,0.000000,0.000000,1.000000,1.000000,0.000000,0.000000,1.000000,0.000000
195000.000000,648976.475000,0.000000,0.000000,1.000000,1.000000,0.000000,1.000000,1.000000,1.000000,0.000000,0.000000,1.000000,0.000000,1.000000,0.000000,1.000000,1.000000,0.000000,1.000000,1.000000,1.000000,0.000000,1.000000,1.000000,0.000000,1.000000,0.000000,1.000000,0.000000,0.000000,1.000000,0.000000,0.000000,1.000000,1.000000,0.000000,0.000000,1.000000,1.000000,0.000000,0.000000,1.000000,1.000000,1.000000,0.000000,1.000000,1.000000,0.000000,0.000000,1.000000,0.000000
202500.000000,646504.100000,1.000000,0.000000,1.000000,0.000000,0.000000,1.000000,1.000000,1.000000,0.000000,0.000000,1.000000,0.000000,1.000000,0.000000,1.000000,1.000000,0.000000,1.000000,1.000000,1.000000,0.000000,1.000000,1.000000,0.000000,1.000000,0.000000,1.000000,0.000000,0.000000,1.000000,0.000000,0.000000,1.000000,1.000000,0.000000,0.000000,1.000000,1.000000,0.000000,0.000000,1.000000,1.000000,1.000000,1.000000,1.000000,1.000000,0.000000,0.000000,1.000000,0.000000
210000.000000,644378.112500,1.000000,0.000000,1.000000,1.000000,0.000000,1.000000,1.000000,1.000000,0.000000,0.000000,1.000000,0.000000,1.000000,0.000000,1.000000,1.000000,0.000000,1.000000,0.000000,1.000000,0.000000,1.000000,1.000000,0.000000,1.000000,0.000000,1.000000,0.000000,0.000000,1.000000,0.000000,1.000000,1.000000,1.000000,1.000000,0.000000,1.000000,1.000000,0.000000,0.000000,1.000000,1.000000,0.000000,0.000000,1.000000,1.000000,1.000000,0.000000,1.000000,0.000000
217500.000000,641997.712500,1.000000,0.000000,1.000000,0.000000,0.000000,1.000000,1.000000,1.000000,0.000000,0.000000,1.000000,1.000000,1.000000,0.000000,1.000000,1.000000,0.000000,1.000000,0.000000,1.000000,0.000000,1.000000,1.000000,0.000000,1.000000,0.000000,1.000000,0.000000,0.000000,1.000000,0.000000,1.000000,1.000000,1.000000,1.000000,0.000000,1.000000,1.000000,0.000000,0.000000,1.000000,1.000000,1.000000,1.000000,1.000000,1.000000,0.000000,0.000000,1.000000,0.000000
225000.000000,640376.250000,1.000000,0.000000,1.000000,0.000000,0.000000,1.000000,1.000000,1.000000,0.000000,0.000000,1.000000,0.000000,1.000000,0.000000,1.000000,1.000000,0.000000,1.000000,1.000000,1.000000,0.000000,1.000000,1.000000,0.000000,1.000000,0.000000,1.000000,0.000000,1.000000,1.000000,0.000000,1.000000,1.000000,1.000000,1.000000,0.000000,1.000000,1.000000,0.000000,0.000000,1.000000,1.000000,1.000000,0.000000,1.000000,1.000000,1.000000,0.000000,1.000000,0.000000
232500.000000,639361.750000,0.000000,0.000000,1.000000,0.000000,0.000000,1.000000,1.000000,1.000000,0.000000,0.000000,1.000000,0.000000,1.000000,1.000000,1.000000,1.000000,0.000000,1.000000,1.000000,1.000000,0.000000,1.000000,1.000000,0.000000,1.000000,0.000000,1.000000,0.000000,1.000000,1.000000,0.000000,1.000000,1.000000,1.000000,1.000000,1.000000,1.000000,1.000000,0.000000,0.000000,1.000000,1.000000,1.000000,0.000000,1.000000,1.000000,1.000000,0.000000,1.000000,0.000000
240000.000000,636713.750000,0.000000,0.000000,1.000000,0.000000,0.000000,1.000000,1.000000,1.000000,0.000000,0.000000,1.000000,0.000000,1.000000,1.000000,1.000000,1.000000,0.000000,1.000000,1.000000,1.000000,0.000000,1.000000,1.000000,0.000000,1.000000,0.000000,1.000000,0.000000,0.000000,1.000000,0.000000,1.000000,1.000000,1.000000,1.000000,1.000000,1.000000,1.000000,1.000000,0.000000,1.000000,1.000000,1.000000,1.000000,1.000000,1.000000,1.000000,0.000000,1.000000,0.000000
247500.000000,635706.787500,1.000000,0.000000,1.000000,0.000000,0.000000,1.000000,1.000000,1.000000,0.000000,0.000000,1.000000,1.000000,1.000000,0.000000,1.000000,1.000000,0.000000,1.000000,1.000000,1.000000,0.000000,1.000000,1.000000,0.000000,1.000000,1.000000,1.000000,0.000000,1.000000,1.000000,0.000000,1.000000,1.000000,1.000000,1.000000,0.000000,1.000000,1.000000,1.000000,0.000000,1.000000,1.000000,1.000000,1.000000,1.000000,1.000000,0.000000,0.000000,1.000000,0.000000
255000.000000,633945.425000,1.000000,0.000000,1.000000,0.000000,0.000000,1.000000,1.000000,1.000000,0.000000,0.000000,1.000000,0.000000,1.000000,1.000000,1.000000,1.000000,0.000000,1.000000,1.000000,1.000000,0.000000,1.000000,1.000000,0.000000,1.000000,0.000000,1.000000,0.000000,1.000000,1.000000,0.000000,1.000000,1.000000,1.000000,1.000000,1.000000,1.000000,1.000000,1.000000,0.000000,1.000000,1.000000,1.000000,1.000000,1.000000,1.000000,1.000000,0.000000,1.000000,0.000000
262500.000000,632394.562500,1.000000,0.000000,1.000000,0.000000,0.000000,1.000000,1.000000,1.000000,0.000000,0.000000,1.000000,1.000000,1.000000,1.000000,1.000000,1.000000,1.000000,1.000000,1.000000,1.000000,0.000000,1.000000,1.000000,0.000000,1.000000,0.000000,1.000000,0.000000,1.000000,1.000000,0.000000,1.000000,1.000000,1.000000,1.000000,0.000000,1.000000,1.000000,1.000000,0.000000,1.000000,1.000000,1.000000,1.000000,1.000000,1.000000,1.000000,0.000000,1.000000,0.000000
270000.000000,631231.762500,1.000000,0.000000,1.000000,0.000000,0.000000,1.000000,1.000000,1.000000,0.000000,0.000000,1.000000,1.000000,1.000000,1.000000,1.000000,1.000000,1.000000,1.000000,1.000000,1.000000,0.000000,1.000000,1.000000,1.000000,1.000000,0.000000,1.000000,0.000000,1.000000,1.000000,0.000000,1.000000,1.000000,1.000000,1.000000,0.000000,1.000000,1.000000,1.000000,0.000000,1.000000,1.000000,1.000000,1.000000,1.000000,1.000000,1.000000,0.000000,1.000000,0.000000
277500.000000,630472.462500,1.000000,0.000000,1.000000,0.000000,0.000000,1.000000,1.000000,1.000000,0.000000,0.000000,1.000000,1.000000,1.000000,1.000000,1.000000,1.000000,0.000000,1.000000,1.000000,1.000000,0.000000,1.000000,1.000000,0.000000,1.000000,1.000000,1.000000,1.000000,1.000000,1.000000,0.000000,1.000000,1.000000,1.000000,1.000000,1.000000,1.000000,1.000000,1.000000,0.000000,1.000000,1.000000,1.000000,1.000000,1.000000,1.000000,1.000000,0.000000,1.000000,0.000000
285000.000000,629626.625000,1.000000,0.000000,1.000000,1.000000,0.000000,1.000000,1.000000,1.000000,0.000000,0.000000,1.000000,1.000000,1.000000,1.000000,1.000000,1.000000,1.000000,1.000000,1.000000,1.000000,0.000000,1.000000,1.000000,0.000000,1.000000,1.000000,1.000000,0.000000,1.000000,1.000000,0.000000,1.000000,1.000000,1.000000,1.000000,1.000000,1.000000,1.000000,1.000000,0.000000,1.000000,1.000000,1.000000,1.000000,1.000000,1.000000,1.000000,0.000000,1.000000,0.000000
292500.000000,628208.775000,1.000000,0.000000,1.000000,0.000000,0.000000,1.000000,1.000000,1.000000,0.000000,0.000000,1.000000,1.000000,1.000000,0.000000,1.000000,1.000000,1.000000,1.000000,1.000000,1.000000,0.000000,1.000000,1.000000,1.000000,1.000000,1.000000,1.000000,1.000000,1.000000,1.000000,0.000000,1.000000,1.000000,1.000000,1.000000,1.000000,1.000000,1.000000,1.000000,0.000000,1.000000,1.000000,1.000000,1.000000,1.000000,1.000000,1.000000,0.000000,1.000000,1.000000
307500.000000,627049.962500,1.000000,0.000000,1.000000,1.000000,0.000000,1.000000,1.000000,1.000000,0.000000,0.000000,1.000000,1.000000,1.000000,1.000000,1.000000,1.000000,1.000000,1.000000,1.000000,1.000000,0.000000,1.000000,1.000000,1.000000,1.000000,1.000000,1.000000,1.000000,1.000000,1.000000,0.000000,1.000000,1.000000,1.000000,1.000000,1.000000,1.000000,1.000000,1.000000,0.000000,1.000000,1.000000,1.000000,1.000000,1.000000,1.000000,1.000000,0.000000,1.000000,1.000000
315000.000000,626281.887500,1.000000,0.000000,1.000000,1.000000,0.000000,1.000000,1.000000,1.000000,0.000000,0.000000,1.000000,1.000000,1.000000,1.000000,1.000000,1.000000,1.000000,1.000000,1.000000,1.000000,0.000000,1.000000,1.000000,1.000000,1.000000,1.000000,1.000000,1.000000,1.000000,1.000000,1.000000,1.000000,1.000000,1.000000,1.000000,1.000000,1.000000,1.000000,1.000000,0.000000,1.000000,1.000000,1.000000,1.000000,1.000000,1.000000,1.000000,0.000000,1.000000,1.000000
322500.000000,625983.912500,1.000000,1.000000,1.000000,1.000000,0.000000,1.000000,1.000000,1.000000,0.000000,0.000000,1.000000,1.000000,1.000000,1.000000,1.000000,1.000000,1.000000,1.000000,1.000000,1.000000,0.000000,1.000000,1.000000,1.000000,1.000000,1.000000,1.000000,1.000000,1.000000,1.000000,1.000000,1.000000,1.000000,1.000000,1.000000,1.000000,1.000000,1.000000,1.000000,0.000000,1.000000,1.000000,1.000000,1.000000,1.000000,1.000000,1.000000,0.000000,1.000000,1.000000
330000.000000,625176.212500,1.000000,1.000000,1.000000,1.000000,0.000000,1.000000,1.000000,1.000000,0.000000,0.000000,1.000000,1.000000,1.000000,1.000000,1.000000,1.000000,1.000000,1.000000,1.000000,1.000000,0.000000,1.000000,1.000000,1.000000,1.000000,1.000000,1.000000,1.000000,1.000000,1.000000,1.000000,1.000000,1.000000,1.000000,1.000000,1.000000,1.000000,1.000000,1.000000,1.000000,1.000000,1.000000,1.000000,1.000000,1.000000,1.000000,1.000000,0.000000,1.000000,1.000000
337500.000000,624838.400000,1.000000,0.000000,1.000000,1.000000,0.000000,1.000000,1.000000,1.000000,1.000000,0.000000,1.000000,1.000000,1.000000,1.000000,1.000000,1.000000,1.000000,1.000000,1.000000,1.000000,0.000000,1.000000,1.000000,1.000000,1.000000,1.000000,1.000000,1.000000,1.000000,1.000000,1.000000,1.000000,1.000000,1.000000,1.000000,1.000000,1.000000,1.000000,1.000000,1.000000,1.000000,1.000000,1.000000,1.000000,1.000000,1.000000,1.000000,1.000000,1.000000,1.000000
345000.000000,624368.225000,1.000000,1.000000,1.000000,1.000000,1.000000,1.000000,1.000000,1.000000,0.000000,0.000000,1.000000,1.000000,1.000000,1.000000,1.000000,1.000000,1.000000,1.000000,1.000000,1.000000,0.000000,1.000000,1.000000,1.000000,1.000000,1.000000,1.000000,1.000000,1.000000,1.000000,1.000000,1.000000,1.000000,1.000000,1.000000,1.000000,1.000000,1.000000,1.000000,1.000000,1.000000,1.000000,1.000000,1.000000,1.000000,1.000000,1.000000,1.000000,1.000000,1.000000
352500.000000,624253.275000,1.000000,1.000000,1.000000,1.000000,1.000000,1.000000,1.000000,1.000000,0.000000,0.000000,1.000000,1.000000,1.000000,1.000000,1.000000,1.000000,1.000000,1.000000,1.000000,1.000000,1.000000,1.000000,1.000000,1.000000,1.000000,1.000000,1.000000,1.000000,1.000000,1.000000,1.000000,1.000000,1.000000,1.000000,1.000000,1.000000,1.000000,1.000000,1.000000,1.000000,1.000000,1.000000,1.000000,1.000000,1.000000,1.000000,1.000000,1.000000,1.000000,1.000000
360000.000000,624153.450000,1.000000,1.000000,1.000000,1.000000,1.000000,1.000000,1.000000,1.000000,1.000000,0.000000,1.000000,1.000000,1.000000,1.000000,1.000000,1.000000,1.000000,1.000000,1.000000,1.000000,1.000000,1.000000,1.000000,1.000000,1.000000,1.000000,1.000000,1.000000,1.000000,1.000000,1.000000,1.000000,1.000000,1.000000,1.000000,1.000000,1.000000,1.000000,1.000000,1.000000,1.000000,1.000000,1.000000,1.000000,1.000000,1.000000,1.000000,1.000000,1.000000,1.000000
367500.000000,624071.450000,1.000000,1.000000,1.000000,1.000000,1.000000,1.000000,1.000000,1.000000,1.000000,1.000000,1.000000,1.000000,1.000000,1.000000,1.000000,1.000000,1.000000,1.000000,1.000000,1.000000,1.000000,1.000000,1.000000,1.000000,1.000000,1.000000,1.000000,1.000000,1.000000,1.000000,1.000000,1.000000,1.000000,1.000000,1.000000,1.000000,1.000000,1.000000,1.000000,1.000000,1.000000,1.000000,1.000000,1.000000,1.000000,1.000000,1.000000,1.000000,1.000000,1.000000
