instance,config,algorithm,run,seed,HV,n_nondominated,time_s,evals,generations
cap101,A,NSGA-II,0,2026,1.0241664117794405,25,2.78026830003364,5000,99
cap101,A,NSGA-II,1,2027,1.0235309672596136,25,2.69115560001228,5000,99
cap101,A,NSGA-II,2,2028,1.0240862988710422,25,2.6824455999885686,5000,99
cap101,A,NSGA-II,3,2029,1.0237224552220137,25,2.695034399977885,5000,99
cap101,A,NSGA-II,4,2030,1.0239686539059425,25,2.7492132999468595,5000,99
cap101,A,NSGA-II,5,2031,1.0243075035722675,25,2.6896202000207268,5000,99
cap101,A,NSGA-II,6,2032,1.0240484757394215,25,2.7001588999992236,5000,99
cap101,A,NSGA-II,7,2033,1.0237614732467712,25,2.7123059000005014,5000,99
cap101,A,NSGA-II,8,2034,1.018181924551703,24,2.6388976000016555,5000,99
cap101,A,NSGA-II,9,2035,1.023706467079829,25,2.7318865000270307,5000,99
cap101,A,SPEA2,0,2026,1.023812351044814,25,2.7353832999942824,5000,99
cap101,A,SPEA2,1,2027,1.023317427531261,25,2.715299599978607,5000,99
cap101,A,SPEA2,2,2028,1.022706750602534,25,2.6895812000148,5000,99
cap101,A,SPEA2,3,2029,1.0238927559022304,25,2.718619099992793,5000,99
cap101,A,SPEA2,4,2030,1.0237995044139199,25,2.738366700010374,5000,99
cap101,A,SPEA2,5,2031,1.0227669891252316,25,3.1351716999779455,5000,99
cap101,A,SPEA2,6,2032,1.0236134883103616,25,2.72221229999559,5000,99
cap101,A,SPEA2,7,2033,1.0237007268726381,25,2.7236469999770634,5000,99
cap101,A,SPEA2,8,2034,1.0231529728241968,25,2.7388616999960504,5000,99
cap101,A,SPEA2,9,2035,1.023471827479179,25,2.7126868999912404,5000,99
cap101,B,NSGA-II,0,2026,1.0242679540954052,25,5.415181900025345,10000,99
cap101,B,NSGA-II,1,2027,1.0242679540954052,25,5.457645100017544,10000,99
cap101,B,NSGA-II,2,2028,1.0243075035722675,25,5.407312299998011,10000,99
cap101,B,NSGA-II,3,2029,1.0243061539636331,25,5.470374800032005,10000,99
cap101,B,NSGA-II,4,2030,1.0242369576758539,25,5.49480509996647,10000,99
cap101,B,NSGA-II,5,2031,1.0242284046185428,25,5.412330000021029,10000,99
cap101,B,NSGA-II,6,2032,1.0242284046185428,25,5.373864899971522,10000,99
cap101,B,NSGA-II,7,2033,1.0243075035722675,25,5.443772700033151,10000,99
cap101,B,NSGA-II,8,2034,1.0241974081989915,25,5.478773900016677,10000,99
cap101,B,NSGA-II,9,2035,1.0243075035722675,25,5.464633800031152,10000,99
cap101,B,SPEA2,0,2026,1.0239861376312707,25,5.7068409999483265,10000,99
cap101,B,SPEA2,1,2027,1.0242679540954052,25,5.669201700016856,10000,99
cap101,B,SPEA2,2,2028,1.0243075035722675,25,5.702177400002256,10000,99
cap101,B,SPEA2,3,2029,1.0237806553461777,25,5.804408700030763,10000,99
cap101,B,SPEA2,4,2030,1.0243075035722675,25,5.684588699950837,10000,99
cap101,B,SPEA2,5,2031,1.0243075035722675,25,5.646189899998717,10000,99
cap101,B,SPEA2,6,2032,1.0238570804315001,25,5.609825199993793,10000,99
cap101,B,SPEA2,7,2033,1.0241664117794405,25,5.7001329000340775,10000,99
cap101,B,SPEA2,8,2034,1.0243075035722675,25,5.5732287999708205,10000,99
cap101,B,SPEA2,9,2035,1.024210808134462,25,5.710744799987879,10000,99
cap101,C,NSGA-II,0,2026,1.0243075035722675,25,11.16105759999482,20000,199
cap101,C,NSGA-II,1,2027,1.023841222005586,24,11.491726299980655,20000,199
cap101,C,NSGA-II,2,2028,1.0243075035722675,25,11.68833450000966,20000,199
cap101,C,NSGA-II,3,2029,1.0195577902417283,24,11.870616199972574,20000,199
cap101,C,NSGA-II,4,2030,1.0238619192679501,24,11.686369799950626,20000,199
cap101,C,NSGA-II,5,2031,1.0243075035722675,25,11.82922100002179,20000,199
cap101,C,NSGA-II,6,2032,1.0242188664518204,25,11.566614399955142,20000,199
cap101,C,NSGA-II,7,2033,1.0240082187669448,24,11.405575699987821,20000,199
cap101,C,NSGA-II,8,2034,1.0200702910091872,24,11.386713000014424,20000,199
cap101,C,NSGA-II,9,2035,1.0242630407857327,25,11.489984399988316,20000,199
cap101,C,SPEA2,0,2026,1.0237552820045703,25,11.264725600020029,20000,199
cap101,C,SPEA2,1,2027,1.0241688793605124,25,11.671701900020707,20000,199
cap101,C,SPEA2,2,2028,1.024202967467719,25,11.83263659995282,20000,199
cap101,C,SPEA2,3,2029,1.0239577477745097,25,11.983310499985237,20000,199
cap101,C,SPEA2,4,2030,1.0240609045510625,25,11.627522299997509,20000,199
cap101,C,SPEA2,5,2031,1.0240958658830268,25,11.5091139000142,20000,199
cap101,C,SPEA2,6,2032,1.0243075035722675,25,11.643207200046163,20000,199
cap101,C,SPEA2,7,2033,1.0241221710140151,25,11.369181899994146,20000,199
cap101,C,SPEA2,8,2034,1.0239772686746327,24,11.472040400025435,20000,199
cap101,C,SPEA2,9,2035,1.0243075035722675,25,11.430972200003453,20000,199
cap121,A,NSGA-II,0,2026,1.1265959102043581,39,2.9541283000144176,5000,99
cap121,A,NSGA-II,1,2027,1.1281669915072097,40,2.940493499976583,5000,99
cap121,A,NSGA-II,2,2028,1.1276034089904214,40,2.860773299995344,5000,99
cap121,A,NSGA-II,3,2029,1.1239341256775726,39,2.871545200003311,5000,99
cap121,A,NSGA-II,4,2030,1.12824568224198,42,2.9066338000120595,5000,99
cap121,A,NSGA-II,5,2031,1.1272366253788164,44,2.8763298999983817,5000,99
cap121,A,NSGA-II,6,2032,1.1240075726487375,39,2.9293687000172213,5000,99
cap121,A,NSGA-II,7,2033,1.1243685680247997,42,2.8342284000245854,5000,99
cap121,A,NSGA-II,8,2034,1.113387402924659,42,2.8799638000200503,5000,99
cap121,A,NSGA-II,9,2035,1.1274350762980727,43,2.8994387999991886,5000,99
cap121,A,SPEA2,0,2026,1.1277925970305953,40,2.9208539000246674,5000,99
cap121,A,SPEA2,1,2027,1.1256397693307953,47,2.9271734000067227,5000,99
cap121,A,SPEA2,2,2028,1.1287075046163817,45,2.876075599982869,5000,99
cap121,A,SPEA2,3,2029,1.1278426671712134,42,2.869524999987334,5000,99
cap121,A,SPEA2,4,2030,1.1255053665629506,47,2.9732884999830276,5000,99
cap121,A,SPEA2,5,2031,1.1266168919573047,46,2.8895557000068948,5000,99
cap121,A,SPEA2,6,2032,1.1290801968005761,47,2.9455179999931715,5000,99
cap121,A,SPEA2,7,2033,1.1262549288412809,46,2.8938602000125684,5000,99
cap121,A,SPEA2,8,2034,1.1274951963551518,46,2.870262099953834,5000,99
cap121,A,SPEA2,9,2035,1.1250024601596886,47,2.9043788999551907,5000,99
cap121,B,NSGA-II,0,2026,1.1293277565825959,47,5.829121600021608,10000,99
cap121,B,NSGA-II,1,2027,1.124571001020626,47,5.691851700015832,10000,99
cap121,B,NSGA-II,2,2028,1.1310628812359076,47,5.640317900048103,10000,99
cap121,B,NSGA-II,3,2029,1.1282686794631296,47,5.6492451000376604,10000,99
cap121,B,NSGA-II,4,2030,1.129085431107439,47,5.647647300036624,10000,99
cap121,B,NSGA-II,5,2031,1.1294976028265498,47,5.621105799975339,10000,99
cap121,B,NSGA-II,6,2032,1.1272085735289072,47,5.6005816999822855,10000,99
cap121,B,NSGA-II,7,2033,1.1294267887700535,47,5.638526400027331,10000,99
cap121,B,NSGA-II,8,2034,1.1288887868199928,47,5.5959702000254765,10000,99
cap121,B,NSGA-II,9,2035,1.1310387858505586,47,5.528158100030851,10000,99
cap121,B,SPEA2,0,2026,1.1301262303141943,47,5.929809599998407,10000,99
cap121,B,SPEA2,1,2027,1.1279512934601528,47,5.8076806999742985,10000,99
cap121,B,SPEA2,2,2028,1.1296327392799848,47,5.749496400007047,10000,99
cap121,B,SPEA2,3,2029,1.128823854463176,47,5.7754067000350915,10000,99
cap121,B,SPEA2,4,2030,1.1304284697682543,47,5.690647400042508,10000,99
cap121,B,SPEA2,5,2031,1.1290265116626013,47,5.734361100010574,10000,99
cap121,B,SPEA2,6,2032,1.1288401622212414,47,5.669898099964485,10000,99
cap121,B,SPEA2,7,2033,1.1296012069548784,47,5.7606701999902725,10000,99
cap121,B,SPEA2,8,2034,1.129082421105171,47,5.772672700055409,10000,99
cap121,B,SPEA2,9,2035,1.1300795979358205,46,5.7069776999996975,10000,99
cap121,C,NSGA-II,0,2026,1.1284256776193824,40,11.029742399987299,20000,199
cap121,C,NSGA-II,1,2027,1.1192959419028066,41,11.112292399979196,20000,199
cap121,C,NSGA-II,2,2028,1.1284166724365274,44,11.184798200032674,20000,199
cap121,C,NSGA-II,3,2029,1.1272123316382971,41,11.304302700038534,20000,199
cap121,C,NSGA-II,4,2030,1.1269165465684694,41,11.09881100000348,20000,199
cap121,C,NSGA-II,5,2031,1.1258174890219694,44,11.37699189997511,20000,199
cap121,C,NSGA-II,6,2032,1.1285890638050589,42,11.39627460000338,20000,199
cap121,C,NSGA-II,7,2033,1.1285577238458522,41,11.403640499978792,20000,199
cap121,C,NSGA-II,8,2034,1.1276228305385014,43,11.433314000023529,20000,199
cap121,C,NSGA-II,9,2035,1.1283545178401486,44,11.116264800017234,20000,199
cap121,C,SPEA2,0,2026,1.1266735224764752,42,11.292645499983337,20000,199
cap121,C,SPEA2,1,2027,1.1291216401068374,41,11.328558800043538,20000,199
cap121,C,SPEA2,2,2028,1.127731427275121,42,11.229989499959629,20000,199
cap121,C,SPEA2,3,2029,1.1276930778209093,42,11.16148140002042,20000,199
cap121,C,SPEA2,4,2030,1.127906694911823,44,11.453612100041937,20000,199
cap121,C,SPEA2,5,2031,1.1281345206792361,38,11.443069999979343,20000,199
cap121,C,SPEA2,6,2032,1.1272707185897373,40,11.444443300017156,20000,199
cap121,C,SPEA2,7,2033,1.1298113143334998,41,11.588340699963737,20000,199
cap121,C,SPEA2,8,2034,1.128392292482041,42,11.415516300010495,20000,199
cap121,C,SPEA2,9,2035,1.127877206661565,42,11.193145000026561,20000,199
cap41,A,NSGA-II,0,2026,0.7385932994900211,5,2.8955777999944985,5000,99
cap41,A,NSGA-II,1,2027,0.7385932994900211,5,2.787509099987801,5000,99
cap41,A,NSGA-II,2,2028,0.7385932994900211,5,2.8393719000159763,5000,99
cap41,A,NSGA-II,3,2029,0.7385932994900211,5,2.8101521999924444,5000,99
cap41,A,NSGA-II,4,2030,0.7385932994900211,5,2.8204396999790333,5000,99
cap41,A,NSGA-II,5,2031,0.7385932994900211,5,2.897318000032101,5000,99
cap41,A,NSGA-II,6,2032,0.7385932994900211,5,2.7847990000154823,5000,99
cap41,A,NSGA-II,7,2033,0.7385932994900211,5,2.777137600001879,5000,99
cap41,A,NSGA-II,8,2034,0.7385932994900211,5,2.848358499992173,5000,99
cap41,A,NSGA-II,9,2035,0.7385932994900211,5,2.793326099985279,5000,99
cap41,A,SPEA2,0,2026,0.7385932994900211,5,2.9533624000032432,5000,99
cap41,A,SPEA2,1,2027,0.7385932994900211,5,2.958923100028187,5000,99
cap41,A,SPEA2,2,2028,0.7385932994900211,5,2.954050299944356,5000,99
cap41,A,SPEA2,3,2029,0.7385932994900211,5,2.9295666000107303,5000,99
cap41,A,SPEA2,4,2030,0.7385932994900211,5,2.983306600013748,5000,99
cap41,A,SPEA2,5,2031,0.7385932994900211,5,2.938751299981959,5000,99
cap41,A,SPEA2,6,2032,0.7385932994900211,5,2.950103500043042,5000,99
cap41,A,SPEA2,7,2033,0.7385932994900211,5,2.9780107000260614,5000,99
cap41,A,SPEA2,8,2034,0.7385932994900211,5,2.967861199984327,5000,99
cap41,A,SPEA2,9,2035,0.7385932994900211,5,2.959371500008274,5000,99
cap41,B,NSGA-II,0,2026,0.7385932994900211,5,5.736393500003032,10000,99
cap41,B,NSGA-II,1,2027,0.7385932994900211,5,5.710051900008693,10000,99
cap41,B,NSGA-II,2,2028,0.7385932994900211,5,5.690071300021373,10000,99
cap41,B,NSGA-II,3,2029,0.7385932994900211,5,5.745648499985691,10000,99
cap41,B,NSGA-II,4,2030,0.7385932994900211,5,5.746456299966667,10000,99
cap41,B,NSGA-II,5,2031,0.7385932994900211,5,5.689186999981757,10000,99
cap41,B,NSGA-II,6,2032,0.7385932994900211,5,5.607596000016201,10000,99
cap41,B,NSGA-II,7,2033,0.7385932994900211,5,5.636574300006032,10000,99
cap41,B,NSGA-II,8,2034,0.7385932994900211,5,5.67334259999916,10000,99
cap41,B,NSGA-II,9,2035,0.7385932994900211,5,5.760852299979888,10000,99
cap41,B,SPEA2,0,2026,0.7385932994900211,5,6.454869500012137,10000,99
cap41,B,SPEA2,1,2027,0.7385932994900211,5,6.282687800005078,10000,99
cap41,B,SPEA2,2,2028,0.7385932994900211,5,6.453522199997678,10000,99
cap41,B,SPEA2,3,2029,0.7385932994900211,5,6.426965399994515,10000,99
cap41,B,SPEA2,4,2030,0.7385932994900211,5,6.354484400013462,10000,99
cap41,B,SPEA2,5,2031,0.7385932994900211,5,6.447423100005835,10000,99
cap41,B,SPEA2,6,2032,0.7385932994900211,5,6.360794899985194,10000,99
cap41,B,SPEA2,7,2033,0.7385932994900211,5,6.313299499975983,10000,99
cap41,B,SPEA2,8,2034,0.7385932994900211,5,6.434764200006612,10000,99
cap41,B,SPEA2,9,2035,0.7385932994900211,5,6.526653699984308,10000,99
cap41,C,NSGA-II,0,2026,0.7385932994900211,5,14.07749309996143,20000,199
cap41,C,NSGA-II,1,2027,0.7385932994900211,5,11.80859440000495,20000,199
cap41,C,NSGA-II,2,2028,0.7385932994900211,5,12.643300499999896,20000,199
cap41,C,NSGA-II,3,2029,0.7385932994900211,5,12.121684100013226,20000,199
cap41,C,NSGA-II,4,2030,0.7385932994900211,5,11.957055300008506,20000,199
cap41,C,NSGA-II,5,2031,0.7385932994900211,5,11.679076800006442,20000,199
cap41,C,NSGA-II,6,2032,0.7385932994900211,5,11.628793600015342,20000,199
cap41,C,NSGA-II,7,2033,0.7385932994900211,5,11.706443100003526,20000,199
cap41,C,NSGA-II,8,2034,0.7385932994900211,5,11.473812100011855,20000,199
cap41,C,NSGA-II,9,2035,0.7385932994900211,5,11.703375999990385,20000,199
cap41,C,SPEA2,0,2026,0.7385932994900211,5,12.998965999984648,20000,199
cap41,C,SPEA2,1,2027,0.7385932994900211,5,11.919830100028776,20000,199
cap41,C,SPEA2,2,2028,0.7385932994900211,5,12.488520199956838,20000,199
cap41,C,SPEA2,3,2029,0.7385932994900211,5,12.61320630001137,20000,199
cap41,C,SPEA2,4,2030,0.7385932994900211,5,12.168686599994544,20000,199
cap41,C,SPEA2,5,2031,0.7385932994900211,5,11.969082199968398,20000,199
cap41,C,SPEA2,6,2032,0.7385932994900211,5,11.97266440000385,20000,199
cap41,C,SPEA2,7,2033,0.7385932994900211,5,11.70573320001131,20000,199
cap41,C,SPEA2,8,2034,0.7385932994900211,5,12.131383600004483,20000,199
cap41,C,SPEA2,9,2035,0.7385932994900211,5,12.037685699993744,20000,199
