instance,algorithm,config,HV_mean,ND_mean,time_mean_s,evals
cap101,NSGA-II,A,1.0233480631228045,24.9,2.707098630000837,5000
cap101,NSGA-II,B,1.0242655747983176,25.0,5.441869450011291,10000
cap101,NSGA-II,C,1.0232743859245752,24.5,11.557621289987583,20000
cap101,SPEA2,A,1.0234234794106367,25.0,2.7629829499928746,5000
cap101,SPEA2,B,1.0241499061707326,25.0,5.680733909993433,10000
cap101,SPEA2,C,1.0240956093874582,24.9,11.58044125000597,20000
cap121,NSGA-II,A,1.1250981363896628,41.0,2.8952903700061143,5000
cap121,NSGA-II,B,1.1288376287205761,47.0,5.644252580020111,10000
cap121,NSGA-II,C,1.1269208795217014,42.1,11.245643250003923,20000
cap121,SPEA2,A,1.126993757882594,45.3,2.907049129990628,5000
cap121,SPEA2,B,1.1293592487165474,46.9,5.759762060007779,10000
cap121,SPEA2,C,1.1280612415337246,41.4,11.355080260004616,20000
cap41,NSGA-II,A,0.7385932994900211,5.0,2.825398989999667,5000
cap41,NSGA-II,B,0.7385932994900211,5.0,5.699617369996849,10000
cap41,NSGA-II,C,0.7385932994900211,5.0,12.079962900001556,20000
cap41,SPEA2,A,0.7385932994900211,5.0,2.957330720004393,5000
cap41,SPEA2,B,0.7385932994900211,5.0,6.405546469998081,10000
cap41,SPEA2,C,0.7385932994900211,5.0,12.200575829995795,20000
