instance,config,algorithm,runs,HV_mean,HV_std,HV_best,HV_worst,ND_mean,ND_std,ND_best,ND_worst,time_mean_s,time_std_s
cap41,A,NSGA-II,10,0.7385932994900211,0.0,0.7385932994900211,0.7385932994900211,5.0,0.0,5,5,2.825398989999667,0.04411938959360378
cap41,A,SPEA2,10,0.7385932994900211,0.0,0.7385932994900211,0.7385932994900211,5.0,0.0,5,5,2.957330720004393,0.016380143863475187
cap41,B,NSGA-II,10,0.7385932994900211,0.0,0.7385932994900211,0.7385932994900211,5.0,0.0,5,5,5.699617369996849,0.05039452671960501
cap41,B,SPEA2,10,0.7385932994900211,0.0,0.7385932994900211,0.7385932994900211,5.0,0.0,5,5,6.405546469998081,0.07504168163537768
cap41,C,NSGA-II,10,0.7385932994900211,0.0,0.7385932994900211,0.7385932994900211,5.0,0.0,5,5,12.079962900001556,0.7753838389811696
cap41,C,SPEA2,10,0.7385932994900211,0.0,0.7385932994900211,0.7385932994900211,5.0,0.0,5,5,12.200575829995795,0.387608153316179
cap101,A,NSGA-II,10,1.0233480631228047,0.0018309953487268995,1.0243075035722675,1.018181924551703,24.9,0.31622776601683794,25,24,2.707098630000837,0.03913159252050738
cap101,A,SPEA2,10,1.0234234794106365,0.0004291132902780237,1.0238927559022304,1.022706750602534,25.0,0.0,25,25,2.7629829499928746,0.13158981986375345
cap101,B,NSGA-II,10,1.0242655747983176,4.1043238057988415e-05,1.0243075035722675,1.0241974081989915,25.0,0.0,25,25,5.441869450011291,0.038225944425371215
cap101,B,SPEA2,10,1.0241499061707326,0.0002017087504893226,1.0243075035722675,1.0237806553461777,25.0,0.0,25,25,5.680733909993433,0.06292885327200551
cap101,C,NSGA-II,10,1.0232743859245752,0.0018365364452377893,1.0243075035722675,1.0195577902417283,24.5,0.5270462766947299,25,24,11.557621289987583,0.21704643080416194
cap101,C,SPEA2,10,1.0240956093874582,0.00016912704794042746,1.0243075035722675,1.0237552820045703,24.9,0.31622776601683794,25,24,11.58044125000597,0.21701946655209614
cap121,A,NSGA-II,10,1.1250981363896626,0.004448431129429917,1.12824568224198,1.113387402924659,41.0,1.8257418583505538,44,39,2.8952903700061143,0.03784569399828969
cap121,A,SPEA2,10,1.126993757882594,0.0013984969451543642,1.1290801968005761,1.1250024601596886,45.3,2.406010991015812,47,40,2.907049129990628,0.03443330039239104
cap121,B,NSGA-II,10,1.128837628720576,0.0018875440054487757,1.1310628812359076,1.124571001020626,47.0,0.0,47,47,5.644252580020111,0.0780163705728421
cap121,B,SPEA2,10,1.1293592487165474,0.0007534750292467648,1.1304284697682543,1.1279512934601528,46.9,0.31622776601683794,47,46,5.759762060007779,0.0730401523985476
cap121,C,NSGA-II,10,1.1269208795217014,0.0028275248964297088,1.1285890638050589,1.1192959419028066,42.1,1.523883926754995,44,40,11.245643250003923,0.1527390233372637
cap121,C,SPEA2,10,1.1280612415337246,0.0008916234049236179,1.1298113143334998,1.1266735224764752,41.4,1.577621275493231,44,38,11.355080260004616,0.13640305914666312
